{"assets/icons/logo.png":["assets/icons/logo.png"],"assets/icons/logo2.png":["assets/icons/logo2.png"],"assets/images/error.png":["assets/images/error.png"],"assets/images/facebook.png":["assets/images/facebook.png"],"assets/images/github.png":["assets/images/github.png"],"assets/images/google.png":["assets/images/google.png"],"assets/images/heuplus-logo.png":["assets/images/heuplus-logo.png"],"assets/images/illustration-1-old-2.png":["assets/images/illustration-1-old-2.png"],"assets/images/illustration-1-old.png":["assets/images/illustration-1-old.png"],"assets/images/illustration-1.png":["assets/images/illustration-1.png"],"assets/images/illustration-2-old.png":["assets/images/illustration-2-old.png"],"assets/images/illustration-2.png":["assets/images/illustration-2.png"],"assets/images/img_call_white_a700.svg":["assets/images/img_call_white_a700.svg"],"assets/images/img_microphone.svg":["assets/images/img_microphone.svg"],"assets/images/img_videocamera_white_a700.svg":["assets/images/img_videocamera_white_a700.svg"],"assets/images/loading.gif":["assets/images/loading.gif"],"assets/images/profile.png":["assets/images/profile.png"],"assets/images/profile_user.jpg":["assets/images/profile_user.jpg"],"packages/cupertino_icons/assets/CupertinoIcons.ttf":["packages/cupertino_icons/assets/CupertinoIcons.ttf"],"packages/ionicons/assets/fonts/Ionicons.ttf":["packages/ionicons/assets/fonts/Ionicons.ttf"],"packages/rflutter_alert/assets/images/close.png":["packages/rflutter_alert/assets/images/close.png","packages/rflutter_alert/assets/images/2.0x/close.png","packages/rflutter_alert/assets/images/3.0x/close.png"],"packages/rflutter_alert/assets/images/icon_error.png":["packages/rflutter_alert/assets/images/icon_error.png","packages/rflutter_alert/assets/images/2.0x/icon_error.png","packages/rflutter_alert/assets/images/3.0x/icon_error.png"],"packages/rflutter_alert/assets/images/icon_info.png":["packages/rflutter_alert/assets/images/icon_info.png","packages/rflutter_alert/assets/images/2.0x/icon_info.png","packages/rflutter_alert/assets/images/3.0x/icon_info.png"],"packages/rflutter_alert/assets/images/icon_success.png":["packages/rflutter_alert/assets/images/icon_success.png","packages/rflutter_alert/assets/images/2.0x/icon_success.png","packages/rflutter_alert/assets/images/3.0x/icon_success.png"],"packages/rflutter_alert/assets/images/icon_warning.png":["packages/rflutter_alert/assets/images/icon_warning.png","packages/rflutter_alert/assets/images/2.0x/icon_warning.png","packages/rflutter_alert/assets/images/3.0x/icon_warning.png"]}