{"assets/.DS_Store":["assets/.DS_Store"],"assets/fonts/Poppins-Bold.ttf":["assets/fonts/Poppins-Bold.ttf"],"assets/fonts/Poppins-Medium.ttf":["assets/fonts/Poppins-Medium.ttf"],"assets/fonts/Poppins-Regular.ttf":["assets/fonts/Poppins-Regular.ttf"],"assets/fonts/Poppins-SemiBold.ttf":["assets/fonts/Poppins-SemiBold.ttf"],"assets/images/doctor-default.png":["assets/images/doctor-default.png"],"assets/images/image_not_found.png":["assets/images/image_not_found.png"],"assets/images/img_26audiocall.png":["assets/images/img_26audiocall.png"],"assets/images/img_35location.png":["assets/images/img_35location.png"],"assets/images/img_4260006585123.png":["assets/images/img_4260006585123.png"],"assets/images/img_4260006585123_66x66.png":["assets/images/img_4260006585123_66x66.png"],"assets/images/img_7xm1.png":["assets/images/img_7xm1.png"],"assets/images/img_7xm2.png":["assets/images/img_7xm2.png"],"assets/images/img_7xm5.png":["assets/images/img_7xm5.png"],"assets/images/img_7xm6.png":["assets/images/img_7xm6.png"],"assets/images/img_apple.svg":["assets/images/img_apple.svg"],"assets/images/img_arrowdown.svg":["assets/images/img_arrowdown.svg"],"assets/images/img_arrowleft.svg":["assets/images/img_arrowleft.svg"],"assets/images/img_arrowright.svg":["assets/images/img_arrowright.svg"],"assets/images/img_arrowup.svg":["assets/images/img_arrowup.svg"],"assets/images/img_bookmark.svg":["assets/images/img_bookmark.svg"],"assets/images/img_bookmark_white_a700.svg":["assets/images/img_bookmark_white_a700.svg"],"assets/images/img_button.svg":["assets/images/img_button.svg"],"assets/images/img_buttonchat.svg":["assets/images/img_buttonchat.svg"],"assets/images/img_calciumllysin.png":["assets/images/img_calciumllysin.png"],"assets/images/img_calciumllysin_50x50.png":["assets/images/img_calciumllysin_50x50.png"],"assets/images/img_calendar.svg":["assets/images/img_calendar.svg"],"assets/images/img_calendar_gray_500_01.svg":["assets/images/img_calendar_gray_500_01.svg"],"assets/images/img_calendar_gray_700_01.svg":["assets/images/img_calendar_gray_700_01.svg"],"assets/images/img_calendar_primary.svg":["assets/images/img_calendar_primary.svg"],"assets/images/img_call.svg":["assets/images/img_call.svg"],"assets/images/img_call_gray_900.svg":["assets/images/img_call_gray_900.svg"],"assets/images/img_call_primary.svg":["assets/images/img_call_primary.svg"],"assets/images/img_call_white_a700.svg":["assets/images/img_call_white_a700.svg"],"assets/images/img_camera.svg":["assets/images/img_camera.svg"],"assets/images/img_car.svg":["assets/images/img_car.svg"],"assets/images/img_car_gray_500_01.svg":["assets/images/img_car_gray_500_01.svg"],"assets/images/img_cart.svg":["assets/images/img_cart.svg"],"assets/images/img_cart_primary.svg":["assets/images/img_cart_primary.svg"],"assets/images/img_checkmark.svg":["assets/images/img_checkmark.svg"],"assets/images/img_checkmark_blue_gray_300.svg":["assets/images/img_checkmark_blue_gray_300.svg"],"assets/images/img_checkmark_gray_500_01.svg":["assets/images/img_checkmark_gray_500_01.svg"],"assets/images/img_checkmark_primary.svg":["assets/images/img_checkmark_primary.svg"],"assets/images/img_checkmark_primary_16x16.svg":["assets/images/img_checkmark_primary_16x16.svg"],"assets/images/img_checkmark_teal_400_01.svg":["assets/images/img_checkmark_teal_400_01.svg"],"assets/images/img_checkmark_white_a700.svg":["assets/images/img_checkmark_white_a700.svg"],"assets/images/img_clock.svg":["assets/images/img_clock.svg"],"assets/images/img_clock_primary.svg":["assets/images/img_clock_primary.svg"],"assets/images/img_clock_primary_43x43.svg":["assets/images/img_clock_primary_43x43.svg"],"assets/images/img_close.png":["assets/images/img_close.png"],"assets/images/img_component1.svg":["assets/images/img_component1.svg"],"assets/images/img_component1_white_a700.svg":["assets/images/img_component1_white_a700.svg"],"assets/images/img_contractrqe1.png":["assets/images/img_contractrqe1.png"],"assets/images/img_cut.svg":["assets/images/img_cut.svg"],"assets/images/img_ef58faa9a71e47e.png":["assets/images/img_ef58faa9a71e47e.png"],"assets/images/img_ellipse27.png":["assets/images/img_ellipse27.png"],"assets/images/img_facebook.svg":["assets/images/img_facebook.svg"],"assets/images/img_favorite.svg":["assets/images/img_favorite.svg"],"assets/images/img_google.svg":["assets/images/img_google.svg"],"assets/images/img_group108.svg":["assets/images/img_group108.svg"],"assets/images/img_group141.svg":["assets/images/img_group141.svg"],"assets/images/img_group17.svg":["assets/images/img_group17.svg"],"assets/images/img_group19.svg":["assets/images/img_group19.svg"],"assets/images/img_group19_cyan_300.png":["assets/images/img_group19_cyan_300.png"],"assets/images/img_group19_gray_500_01.svg":["assets/images/img_group19_gray_500_01.svg"],"assets/images/img_healthvitllys.png":["assets/images/img_healthvitllys.png"],"assets/images/img_healthvitllys_163x163.png":["assets/images/img_healthvitllys_163x163.png"],"assets/images/img_healthvitllys_50x50.png":["assets/images/img_healthvitllys_50x50.png"],"assets/images/img_home.svg":["assets/images/img_home.svg"],"assets/images/img_icondentist.svg":["assets/images/img_icondentist.svg"],"assets/images/img_iconhospital.svg":["assets/images/img_iconhospital.svg"],"assets/images/img_iconlungs.svg":["assets/images/img_iconlungs.svg"],"assets/images/img_iconlyboldmessage.svg":["assets/images/img_iconlyboldmessage.svg"],"assets/images/img_iconpsychiatrist.svg":["assets/images/img_iconpsychiatrist.svg"],"assets/images/img_icroundlogout.svg":["assets/images/img_icroundlogout.svg"],"assets/images/img_image.png":["assets/images/img_image.png"],"assets/images/img_image10.png":["assets/images/img_image10.png"],"assets/images/img_input.svg":["assets/images/img_input.svg"],"assets/images/img_link.svg":["assets/images/img_link.svg"],"assets/images/img_link_primary.svg":["assets/images/img_link_primary.svg"],"assets/images/img_location.svg":["assets/images/img_location.svg"],"assets/images/img_location_blue_gray_300.svg":["assets/images/img_location_blue_gray_300.svg"],"assets/images/img_location_blue_gray_800.svg":["assets/images/img_location_blue_gray_800.svg"],"assets/images/img_location_primary.svg":["assets/images/img_location_primary.svg"],"assets/images/img_location_secondarycontainer.svg":["assets/images/img_location_secondarycontainer.svg"],"assets/images/img_location_white_a700.svg":["assets/images/img_location_white_a700.svg"],"assets/images/img_lock.svg":["assets/images/img_lock.svg"],"assets/images/img_lock_primary.svg":["assets/images/img_lock_primary.svg"],"assets/images/img_logo2.svg":["assets/images/img_logo2.svg"],"assets/images/img_menu.svg":["assets/images/img_menu.svg"],"assets/images/img_microphone.svg":["assets/images/img_microphone.svg"],"assets/images/img_pexelsanthony.png":["assets/images/img_pexelsanthony.png"],"assets/images/img_pexelscedricf.png":["assets/images/img_pexelscedricf.png"],"assets/images/img_pexelscedricf_1.png":["assets/images/img_pexelscedricf_1.png"],"assets/images/img_pexelscedricf_111x111.png":["assets/images/img_pexelscedricf_111x111.png"],"assets/images/img_pexelscedricf_115x115.png":["assets/images/img_pexelscedricf_115x115.png"],"assets/images/img_pexelscedricf_64x64.png":["assets/images/img_pexelscedricf_64x64.png"],"assets/images/img_pexelscedricf_88x88.png":["assets/images/img_pexelscedricf_88x88.png"],"assets/images/img_pexelsevelinazhu5434019.png":["assets/images/img_pexelsevelinazhu5434019.png"],"assets/images/img_pexelsevelinazhu5434019_111x111.png":["assets/images/img_pexelsevelinazhu5434019_111x111.png"],"assets/images/img_pexelsevelinazhu5434019_50x50.png":["assets/images/img_pexelsevelinazhu5434019_50x50.png"],"assets/images/img_pexelsevelinazhu5434019_64x64.png":["assets/images/img_pexelsevelinazhu5434019_64x64.png"],"assets/images/img_pexelsthirdman5327580.png":["assets/images/img_pexelsthirdman5327580.png"],"assets/images/img_pexelsthirdman5327580_111x111.png":["assets/images/img_pexelsthirdman5327580_111x111.png"],"assets/images/img_pexelsthirdman5327580_64x64.png":["assets/images/img_pexelsthirdman5327580_64x64.png"],"assets/images/img_pexelsthirdman5327656.png":["assets/images/img_pexelsthirdman5327656.png"],"assets/images/img_pexelsthirdman5327656_64x64.png":["assets/images/img_pexelsthirdman5327656_64x64.png"],"assets/images/img_plus.svg":["assets/images/img_plus.svg"],"assets/images/img_portraitsucces.png":["assets/images/img_portraitsucces.png"],"assets/images/img_profile.png":["assets/images/img_profile.png"],"assets/images/img_rectangle458.png":["assets/images/img_rectangle458.png"],"assets/images/img_rectangle460.png":["assets/images/img_rectangle460.png"],"assets/images/img_rectangle460_87x113.png":["assets/images/img_rectangle460_87x113.png"],"assets/images/img_rectangle460_87x138.png":["assets/images/img_rectangle460_87x138.png"],"assets/images/img_reply.svg":["assets/images/img_reply.svg"],"assets/images/img_search.svg":["assets/images/img_search.svg"],"assets/images/img_search_gray_700_01.svg":["assets/images/img_search_gray_700_01.svg"],"assets/images/img_search_gray_900.svg":["assets/images/img_search_gray_900.svg"],"assets/images/img_settings.svg":["assets/images/img_settings.svg"],"assets/images/img_settings_white_a700.svg":["assets/images/img_settings_white_a700.svg"],"assets/images/img_signal.svg":["assets/images/img_signal.svg"],"assets/images/img_splash_logo.png":["assets/images/img_splash_logo.png"],"assets/images/img_star.svg":["assets/images/img_star.svg"],"assets/images/img_trash.svg":["assets/images/img_trash.svg"],"assets/images/img_trash_gray_500_01.svg":["assets/images/img_trash_gray_500_01.svg"],"assets/images/img_unsplash5tymgag0wro.png":["assets/images/img_unsplash5tymgag0wro.png"],"assets/images/img_unsplash86rvjm9zowy.png":["assets/images/img_unsplash86rvjm9zowy.png"],"assets/images/img_unsplashfepfs43yipe.png":["assets/images/img_unsplashfepfs43yipe.png"],"assets/images/img_user.svg":["assets/images/img_user.svg"],"assets/images/img_user_gray_500_01.svg":["assets/images/img_user_gray_500_01.svg"],"assets/images/img_user_primary.svg":["assets/images/img_user_primary.svg"],"assets/images/img_user_white_a700.svg":["assets/images/img_user_white_a700.svg"],"assets/images/img_vector.svg":["assets/images/img_vector.svg"],"assets/images/img_videocamera.svg":["assets/images/img_videocamera.svg"],"assets/images/img_videocamera_gray_900.svg":["assets/images/img_videocamera_gray_900.svg"],"assets/images/img_videocamera_white_a700.svg":["assets/images/img_videocamera_white_a700.svg"],"assets/images/img_volume.svg":["assets/images/img_volume.svg"],"assets/images/img_warning.svg":["assets/images/img_warning.svg"],"assets/images/unnamed.png":["assets/images/unnamed.png"],"assets/images/user.png":["assets/images/user.png"],"packages/cupertino_icons/assets/CupertinoIcons.ttf":["packages/cupertino_icons/assets/CupertinoIcons.ttf"],"packages/font_awesome_flutter/lib/fonts/fa-brands-400.ttf":["packages/font_awesome_flutter/lib/fonts/fa-brands-400.ttf"],"packages/font_awesome_flutter/lib/fonts/fa-regular-400.ttf":["packages/font_awesome_flutter/lib/fonts/fa-regular-400.ttf"],"packages/font_awesome_flutter/lib/fonts/fa-solid-900.ttf":["packages/font_awesome_flutter/lib/fonts/fa-solid-900.ttf"],"packages/line_icons/lib/assets/fonts/LineIcons.ttf":["packages/line_icons/lib/assets/fonts/LineIcons.ttf"],"packages/rflutter_alert/assets/images/close.png":["packages/rflutter_alert/assets/images/close.png","packages/rflutter_alert/assets/images/2.0x/close.png","packages/rflutter_alert/assets/images/3.0x/close.png"],"packages/rflutter_alert/assets/images/icon_error.png":["packages/rflutter_alert/assets/images/icon_error.png","packages/rflutter_alert/assets/images/2.0x/icon_error.png","packages/rflutter_alert/assets/images/3.0x/icon_error.png"],"packages/rflutter_alert/assets/images/icon_info.png":["packages/rflutter_alert/assets/images/icon_info.png","packages/rflutter_alert/assets/images/2.0x/icon_info.png","packages/rflutter_alert/assets/images/3.0x/icon_info.png"],"packages/rflutter_alert/assets/images/icon_success.png":["packages/rflutter_alert/assets/images/icon_success.png","packages/rflutter_alert/assets/images/2.0x/icon_success.png","packages/rflutter_alert/assets/images/3.0x/icon_success.png"],"packages/rflutter_alert/assets/images/icon_warning.png":["packages/rflutter_alert/assets/images/icon_warning.png","packages/rflutter_alert/assets/images/2.0x/icon_warning.png","packages/rflutter_alert/assets/images/3.0x/icon_warning.png"]}